Model,Accuracy,Precision,Recall,F1 Score
KNN,1.0,1.0,1.0,1.0
SVM,0.9473684210526315,0.9122807017543859,0.9473684210526315,0.9263157894736843
Random Forest,1.0,1.0,1.0,1.0
